Gran_Turismo,Nissan
Gran_Turismo_2,Nissan
Gran_Turismo_3,Nissan
Gran_Turismo_4,Nissan
Gran_Turismo_5,Nissan
Gran_Turismo_6,Nissan
Gran_Turismo_Sport,Nissan
Gran_Turismo,Toyota
Gran_Turismo_2,Toyota
Gran_Turismo_3,Toyota
Gran_Turismo_4,Toyota
Gran_Turismo_5,Toyota
Gran_Turismo_6,Toyota
Gran_Turismo_Sport,Toyota
Gran_Turismo_4,Chaparral
Gran_Turismo_5,Chaparral
Gran_Turismo_6,Chaparral
Gran_Turismo_Sport,Porsche
Gran_Turismo_2,Chevrolet
Gran_Turismo_3,Chevrolet
Gran_Turismo_4,Chevrolet
Gran_Turismo_5,Chevrolet
Gran_Turismo_6,Chevrolet
Gran_Turismo_Sport,Chevrolet
Gran_Turismo_5,Maserati
Gran_Turismo_6,Maserati
Gran_Turismo_Sport,Maserati
Gran_Turismo_5,Lamborghini
Gran_Turismo_6,Lamborghini
Gran_Turismo_Sport,Lamborghini
Gran_Turismo_5,Bugatti
Gran_Turismo_6,Bugatti
Gran_Turismo_Sport,Bugatti
Gran_Turismo_Sport,DeTomaso
Gran_Turismo_6,KTM
Gran_Turismo_Sport,KTM
